from_station,to_station,weekday_fare,weekend_fare,total_time,stations
RAJIV CHOWK,DELHI GATE,21,21,0:12:37,5
KASHMERE GATE,CHAWRI BAZAR,21,21,0:04:29,3
AHNR,AHRM,54,54,0:54:53,20
AHNR,AIIMS,43,43,0:38:41,19
AHNR,AIT,84,84,1:26:05,34
AHNR,AJG,64,64,1:02:03,28
AHNR,APMN,32,32,0:41:38,8
AHNR,APOT,96,96,0:47:59,15
AHNR,ASDM,43,43,0:45:24,17
AHNR,ATHA,54,54,0:53:31,21
AHNR,AVIT,43,43,0:48:37,16
AHNR,AZU,11,11,0:02:13,2
AHNR,BACH,64,64,1:27:35,37
AHNR,BAPB,64,64,1:08:54,29
AHNR,BCGN,54,54,1:01:21,24
AHNR,BEL,84,84,1:20:31,32
AHNR,BIMR,21,21,0:04:12,3
AHNR,BJPU,,,,
AHNR,BKCP,54,54,0:47:09,14
AHNR,BKMR,64,64,1:20:57,34
AHNR,BRKR,43,43,0:30:55,13
AHNR,BURI,,,,
AHNR,BUSS,54,54,1:03:04,23
AHNR,BVHM,64,64,1:36:35,40
AHNR,CDLI,54,54,0:58:21,23
AHNR,CHK,32,32,0:17:46,9
AHNR,CHTP,54,54,0:54:06,25
AHNR,CIPK,54,54,1:05:52,24
AHNR,CL,32,32,0:13:09,7
AHNR,CTST,43,43,0:28:18,14
AHNR,CWBR,32,32,0:19:59,10
AHNR,DACY,86,86,0:44:27,14
AHNR,DBMR,43,43,1:03:04,14
AHNR,DDSC,43,43,0:42:00,12
AHNR,DKV,75,75,0:39:26,13
AHNR,DL2,84,84,1:19:00,31
AHNR,DL3,84,84,1:26:03,35
AHNR,DLIC,43,43,0:37:05,11
AHNR,DLIG,43,43,0:27:11,11
AHNR,DM,43,43,0:56:39,17
AHNR,DNBT,54,54,1:15:03,21
AHNR,DSE,54,54,1:07:33,22
AHNR,DSET,107,107,0:59:04,17
AHNR,DSFN,54,54,1:01:32,19
AHNR,DSG,43,43,0:41:23,15
AHNR,DSHP,43,43,1:08:04,15
AHNR,DSN,117,117,1:01:02,18
AHNR,DST,117,117,1:03:07,19
AHNR,DSTN,54,54,1:03:28,20
AHNR,DSTO,96,96,0:51:03,16
AHNR,DSW,54,54,1:05:30,21
AHNR,DW,54,54,0:59:07,18
AHNR,EANR,43,43,0:40:37,12
AHNR,ECMJ,64,64,1:29:55,38
AHNR,ESIH,32,32,0:26:14,7
AHNR,GAT,84,84,1:22:23,33
AHNR,GDPI,54,54,0:54:18,23
AHNR,GE,64,64,1:05:21,29
AHNR,GEC,54,54,1:03:57,25
AHNR,GHEM,54,54,0:53:47,19
AHNR,GKEI,54,54,1:00:09,24
AHNR,GKPR,43,43,0:45:41,14
AHNR,GNPK,54,54,0:40:56,20
AHNR,GTBR,21,21,0:06:42,4
AHNR,GTNI,54,54,0:58:49,27
AHNR,HCC,64,64,1:14:11,33
AHNR,HDNR,54,54,0:55:50,22
AHNR,HKS,54,54,0:43:31,21
AHNR,HNOK,54,54,0:56:55,24
AHNR,IDPT,43,43,0:39:40,15
AHNR,IFOC,64,64,1:11:53,32
AHNR,IGDA,54,54,1:17:26,18
AHNR,IICC,107,107,0:53:07,17
AHNR,IIT,54,54,0:55:34,22
AHNR,ILOK,32,32,0:33:25,7
AHNR,INA,43,43,0:36:52,18
AHNR,IPE,54,54,0:52:34,17
AHNR,ITO,43,43,0:29:09,12
AHNR,IWNR,54,54,1:06:30,24
AHNR,JAMD,32,32,0:24:52,10
AHNR,JANR,54,54,1:08:56,25
AHNR,JB,43,43,0:34:39,17
AHNR,JFRB,43,43,0:41:18,12
AHNR,JGPA,43,43,0:41:25,17
AHNR,JGPI,11,11,0:02:02,2
AHNR,JIEE,43,43,0:47:57,15
AHNR,JLA,54,54,0:59:08,25
AHNR,JLA8,54,54,1:17:11,27
AHNR,JLML,43,43,0:39:30,14
AHNR,JLNS,43,43,0:39:25,16
AHNR,JNPH,43,43,0:34:12,14
AHNR,JPE,43,43,0:46:07,12
AHNR,JPVE,,,,
AHNR,JPW,43,43,0:48:04,13
AHNR,JRMJ,,,,
AHNR,JW,43,43,0:33:42,14
AHNR,KB,43,43,1:05:00,14
AHNR,KE,32,32,0:29:29,5
AHNR,KG,32,32,0:15:30,8
AHNR,KHCY,54,54,0:48:19,20
AHNR,KHNA,43,43,0:42:17,13
AHNR,KIKJ,54,54,1:12:11,26
AHNR,KJKS,,,,
AHNR,KJMD,54,54,0:52:24,22
AHNR,KKDA,43,43,0:46:22,15
AHNR,KKDC,43,43,0:44:04,14
AHNR,KM,43,43,0:36:52,15
AHNR,KN,32,32,0:31:22,6
AHNR,KNR,43,43,0:51:47,10
AHNR,KP,32,32,0:29:43,5
AHNR,KPEN,43,43,1:10:04,14
AHNR,KSHI,43,43,0:55:36,17
AHNR,LJPN,54,54,0:44:00,18
AHNR,LKM,43,43,0:32:22,16
AHNR,LLQA,32,32,0:23:18,9
AHNR,LN,43,43,0:45:25,17
AHNR,MAL,84,84,1:24:04,34
AHNR,MAPR,32,32,0:32:37,8
AHNR,MDHS,43,43,0:30:52,13
AHNR,MDTW,21,21,0:04:26,3
AHNR,METE,54,54,1:03:31,27
AHNR,MGRO,64,64,1:09:26,31
AHNR,MIAA,43,43,0:51:09,18
AHNR,MIEE,54,54,1:00:38,22
AHNR,MIRK,54,54,0:59:37,24
AHNR,MKPR,21,21,0:16:03,3
AHNR,MLCD,54,54,0:45:59,19
AHNR,MMJR,64,64,1:16:31,32
AHNR,MN,43,43,0:42:20,10
AHNR,MNGM,54,54,0:52:00,20
AHNR,MPK,43,43,0:37:29,13
AHNR,MUDK,43,43,0:48:47,17
AHNR,MUPR,43,43,0:43:35,13
AHNR,MVE,54,54,0:50:34,19
AHNR,MVNR,54,54,0:46:11,22
AHNR,MVP1,54,54,0:48:19,18
AHNR,MVPO,54,54,0:54:57,19
AHNR,MYPI,43,43,0:31:03,9
AHNR,NAGR,54,54,0:52:36,20
AHNR,NAVR,43,43,0:34:03,10
AHNR,NBAA,54,54,0:57:34,23
AHNR,NCAJ,64,64,1:25:25,36
AHNR,NCBC,64,64,1:33:05,39
AHNR,NCC,54,54,1:06:05,26
AHNR,NDI,32,32,0:21:41,11
AHNR,NECC,64,64,1:19:09,32
AHNR,NFGH,54,54,1:10:27,20
AHNR,NHPC,64,64,1:14:36,31
AHNR,NIZM,54,54,0:58:12,19
AHNR,NNGI,54,54,1:06:23,19
AHNR,NNOI,43,43,0:42:57,14
AHNR,NP,54,54,0:50:29,21
AHNR,NRSN,43,43,0:44:39,15
AHNR,NSET,54,54,0:59:07,23
AHNR,NSFT,54,54,0:54:51,21
AHNR,NSHP,21,21,0:17:25,4
AHNR,NSST,54,54,0:56:50,22
AHNR,NUEE,54,54,1:04:03,23
AHNR,NV,43,43,1:00:38,17
AHNR,NWD,43,43,0:54:29,16
AHNR,OFDB,64,64,1:23:11,35
AHNR,OKBS,54,54,1:09:47,25
AHNR,OKNS,54,54,1:04:22,23
AHNR,OVA,54,54,1:11:17,26
AHNR,PAGI,43,43,0:37:45,11
AHNR,PALM,43,43,1:10:27,16
AHNR,PBGA,32,32,0:30:39,7
AHNR,PBGH,32,32,0:29:29,10
AHNR,PBGW,32,32,0:23:19,6
AHNR,PH1,84,84,1:19:25,31
AHNR,PN,43,43,1:00:59,12
AHNR,PRA,32,32,0:37:59,9
AHNR,PSPK,54,54,0:56:14,22
AHNR,PTCK,43,43,0:26:23,13
AHNR,PTMD,43,43,0:37:49,14
AHNR,PTP,32,32,0:31:20,6
AHNR,PTVR,43,43,0:58:23,16
AHNR,PVE,32,32,0:34:19,9
AHNR,PVW,32,32,0:35:58,10
AHNR,QM,54,54,0:51:17,24
AHNR,RCK,43,43,0:24:07,12
AHNR,RDPK,43,43,0:46:40,16
AHNR,RG,32,32,0:28:10,8
AHNR,RHE,32,32,0:32:59,7
AHNR,RHW,32,32,0:35:04,8
AHNR,RI,32,32,0:37:03,9
AHNR,RISE,21,21,0:07:07,4
AHNR,RJBH,43,43,0:45:49,17
AHNR,RJNM,54,54,0:47:49,18
AHNR,RKAM,43,43,0:31:34,13
AHNR,RKPM,54,54,0:57:26,23
AHNR,RN,32,32,0:40:09,9
AHNR,RP,43,43,1:02:57,13
AHNR,S53,84,84,1:23:47,33
AHNR,S55,84,84,1:27:54,35
AHNR,SABR,54,54,1:14:25,17
AHNR,SAKP,32,32,0:20:03,5
AHNR,SAKT,54,54,0:48:32,23
AHNR,SFNN,64,64,1:14:40,30
AHNR,SFTN,64,64,1:10:15,28
AHNR,SHD,43,43,0:35:24,12
AHNR,SHDN,43,43,0:43:39,16
AHNR,SHPK,32,32,0:28:46,9
AHNR,SHT,32,32,0:35:32,8
AHNR,SHVP,32,32,0:30:45,7
AHNR,SJSU,53,53,0:34:27,12
AHNR,SKRP,84,84,1:07:13,30
AHNR,SKVR,54,54,1:20:40,19
AHNR,SLAP,43,43,0:31:13,10
AHNR,SLTP,54,54,0:56:42,26
AHNR,SMBG,21,21,0:14:54,3
AHNR,SMPK,54,54,0:49:46,19
AHNR,SMSM,43,43,0:41:10,13
AHNR,SN,43,43,0:42:11,10
AHNR,SNVH,,,,
AHNR,SOEN,43,43,0:49:10,19
AHNR,SOJI,43,43,0:48:52,19
AHNR,SP,43,43,0:58:43,11
AHNR,SPBI,32,32,0:09:11,5
AHNR,SRAI,64,64,1:11:35,30
AHNR,SRSM,32,32,0:49:43,9
AHNR,SSON,64,64,1:12:44,29
AHNR,SSTN,64,64,1:16:50,31
AHNR,STFN,54,54,1:08:06,27
AHNR,STTA,64,64,1:18:33,33
AHNR,STVR,54,54,1:01:20,26
AHNR,SUL,84,84,1:21:45,32
AHNR,SVMB,43,43,0:44:33,13
AHNR,SVVR,43,43,0:49:46,16
AHNR,TG,32,32,0:40:21,9
AHNR,TKBR,54,54,0:58:32,21
AHNR,TKDS,64,64,1:06:37,28
AHNR,TKLM,54,54,0:56:22,20
AHNR,TKPR,54,54,1:00:00,20
AHNR,TN,43,43,0:44:06,11
AHNR,TZI,32,32,0:27:40,9
AHNR,UDB,43,43,0:30:02,15
AHNR,UNE,43,43,0:50:29,14
AHNR,UNRG,43,43,0:39:39,12
AHNR,UNW,43,43,0:52:27,15
AHNR,VASI,54,54,0:57:53,18
AHNR,VENT,54,54,0:57:48,19
AHNR,VNNR,54,54,0:55:28,18
AHNR,VNPR,54,54,0:51:54,19
AHNR,VS,32,32,0:10:55,6
AHNR,VTVR,54,54,1:23:27,20
AHNR,VW,32,32,0:08:43,5
AHNR,WC,43,43,0:33:12,11
AHNR,YB,43,43,0:42:37,16
AHNR,YMVR,,,,
AHRM,AIIMS,32,32,0:22:47,6
AHRM,AIT,74,74,1:10:11,21
AHRM,AJG,43,43,0:46:09,15
AHRM,APMN,54,54,1:00:55,18
AHRM,APOT,107,107,0:59:30,14
AHRM,ASDM,32,32,0:15:39,4
AHRM,ATHA,54,54,1:16:55,23
AHRM,AVIT,43,43,0:35:41,10
AHRM,AZU,54,54,0:52:40,19
AHRM,BACH,54,54,0:54:28,22
AHRM,BAPB,43,43,0:35:47,14
AHRM,BCGN,43,43,0:25:46,9
AHRM,BEL,74,74,1:04:37,19
AHRM,BIMR,54,54,0:59:05,22
AHRM,BJPU,,,,
AHRM,BKCP,32,32,0:15:11,7
AHRM,BKMR,54,54,0:47:50,19
AHRM,BRKR,32,32,0:27:19,9
AHRM,BURI,,,,
AHRM,BUSS,64,64,1:18:46,32
AHRM,BVHM,54,54,1:03:28,25
AHRM,CDLI,32,32,0:35:04,10
AHRM,CHK,43,43,0:37:07,12
AHRM,CHTP,43,43,0:38:12,12
AHRM,CIPK,64,64,1:21:34,33
AHRM,CL,43,43,0:41:44,14
AHRM,CTST,32,32,0:21:35,7
AHRM,CWBR,43,43,0:34:54,11
AHRM,DACY,97,97,0:55:58,13
AHRM,DBMR,54,54,1:06:49,18
AHRM,DDSC,32,32,0:20:20,9
AHRM,DKV,86,86,0:50:57,12
AHRM,DL2,74,74,1:03:06,18
AHRM,DL3,74,74,1:10:09,22
AHRM,DLIC,43,43,0:25:15,10
AHRM,DLIG,43,43,0:33:52,10
AHRM,DM,54,54,1:02:39,22
AHRM,DNBT,64,64,1:21:03,26
AHRM,DSE,128,128,1:16:38,19
AHRM,DSET,118,118,1:10:35,16
AHRM,DSFN,64,64,1:07:32,24
AHRM,DSG,54,54,1:04:47,17
AHRM,DSHP,54,54,1:01:49,17
AHRM,DSN,128,128,1:12:33,17
AHRM,DST,128,128,1:14:38,18
AHRM,DSTN,139,139,1:20:43,21
AHRM,DSTO,107,107,1:02:34,15
AHRM,DSW,139,139,1:18:41,20
AHRM,DW,54,54,1:05:07,23
AHRM,EANR,43,43,0:49:11,12
AHRM,ECMJ,54,54,0:56:48,23
AHRM,ESIH,43,43,0:36:06,14
AHRM,GAT,74,74,1:06:29,20
AHRM,GDPI,32,32,0:21:11,8
AHRM,GE,54,54,0:49:27,16
AHRM,GEC,43,43,0:28:22,10
AHRM,GHEM,64,64,1:09:29,28
AHRM,GKEI,32,32,0:33:16,9
AHRM,GKPR,54,54,0:59:05,16
AHRM,GNPK,32,32,0:25:02,7
AHRM,GTBR,43,43,0:48:11,17
AHRM,GTNI,43,43,0:42:55,14
AHRM,HCC,54,54,0:58:17,20
AHRM,HDNR,54,54,1:19:14,24
AHRM,HKS,32,32,0:27:37,8
AHRM,HNOK,32,32,0:23:48,9
AHRM,IDPT,32,32,0:21:23,6
AHRM,IFOC,54,54,0:55:59,19
AHRM,IGDA,43,43,0:52:27,14
AHRM,IICC,118,118,1:04:38,16
AHRM,IIT,32,32,0:39:40,9
AHRM,ILOK,54,54,0:59:42,18
AHRM,INA,32,32,0:10:58,5
AHRM,IPE,43,43,0:44:38,11
AHRM,ITO,43,43,0:31:54,9
AHRM,IWNR,32,32,0:33:23,9
AHRM,JAMD,43,43,0:36:11,11
AHRM,JANR,32,32,0:35:49,10
AHRM,JB,32,32,0:23:11,6
AHRM,JFRB,43,43,0:54:42,14
AHRM,JGPA,21,21,0:13:28,4
AHRM,JGPI,54,54,0:56:55,21
AHRM,JIEE,54,54,1:01:21,17
AHRM,JLA,32,32,0:26:01,10
AHRM,JLA8,43,43,0:43:10,12
AHRM,JLML,54,54,1:02:54,16
AHRM,JLNS,21,21,0:15:28,5
AHRM,JNPH,32,32,0:22:57,8
AHRM,JPE,54,54,0:52:07,17
AHRM,JPVE,,,,
AHRM,JPW,54,54,0:54:04,18
AHRM,JRMJ,,,,
AHRM,JW,43,43,0:40:21,11
AHRM,KB,43,43,0:42:33,12
AHRM,KE,54,54,0:56:59,18
AHRM,KG,43,43,0:39:23,13
AHRM,KHCY,21,21,0:15:12,5
AHRM,KHNA,43,43,0:47:31,11
AHRM,KIKJ,43,43,0:36:36,11
AHRM,KJKS,,,,
AHRM,KJMD,32,32,0:19:17,7
AHRM,KKDA,43,43,0:33:26,9
AHRM,KKDC,43,43,0:45:44,10
AHRM,KM,32,32,0:18:01,6
AHRM,KN,54,54,1:01:45,19
AHRM,KNR,43,43,0:50:46,16
AHRM,KP,54,54,1:03:24,20
AHRM,KPEN,54,54,1:16:04,19
AHRM,KSHI,43,43,0:37:40,11
AHRM,LJPN,21,21,0:05:53,3
AHRM,LKM,32,32,0:25:28,7
AHRM,LLQA,43,43,0:37:45,12
AHRM,LN,32,32,0:26:14,6
AHRM,MAL,74,74,1:08:10,21
AHRM,MAPR,54,54,0:48:19,17
AHRM,MDHS,43,43,0:25:11,8
AHRM,MDTW,43,43,0:50:27,18
AHRM,METE,43,43,0:30:24,12
AHRM,MGRO,54,54,0:53:32,18
AHRM,MIAA,64,64,1:06:51,27
AHRM,MIEE,64,64,1:16:20,31
AHRM,MIRK,43,43,0:43:43,11
AHRM,MKPR,54,54,1:06:30,20
AHRM,MLCD,21,21,0:12:52,4
AHRM,MMJR,43,43,0:43:24,17
AHRM,MN,43,43,0:52:49,17
AHRM,MNGM,54,54,1:15:24,22
AHRM,MPK,54,54,1:00:53,15
AHRM,MUDK,64,64,1:04:29,26
AHRM,MUPR,54,54,0:56:59,15
AHRM,MVE,32,32,0:14:59,4
AHRM,MVNR,32,32,0:30:17,9
AHRM,MVP1,32,32,0:07:44,3
AHRM,MVPO,32,32,0:09:22,4
AHRM,MYPI,43,43,0:31:17,12
AHRM,NAGR,32,32,0:17:01,5
AHRM,NAVR,43,43,0:28:17,11
AHRM,NBAA,64,64,1:20:58,25
AHRM,NCAJ,54,54,0:52:18,21
AHRM,NCBC,54,54,0:59:58,24
AHRM,NCC,43,43,0:30:30,11
AHRM,NDI,43,43,0:33:12,10
AHRM,NECC,54,54,0:43:34,17
AHRM,NFGH,64,64,1:16:27,25
AHRM,NHPC,43,43,0:41:29,16
AHRM,NIZM,21,21,0:02:51,2
AHRM,NNGI,64,64,1:12:23,24
AHRM,NNOI,54,54,0:58:39,23
AHRM,NP,32,32,0:17:22,6
AHRM,NRSN,54,54,1:00:21,24
AHRM,NSET,32,32,0:23:32,8
AHRM,NSFT,32,32,0:19:16,6
AHRM,NSHP,54,54,0:44:55,17
AHRM,NSST,32,32,0:21:15,7
AHRM,NUEE,32,32,0:30:56,8
AHRM,NV,43,43,0:29:10,7
AHRM,NWD,54,54,1:00:29,21
AHRM,OFDB,54,54,0:50:04,20
AHRM,OKBS,43,43,0:34:12,10
AHRM,OKNS,32,32,0:31:15,8
AHRM,OVA,32,32,0:38:10,11
AHRM,PAGI,54,54,0:53:27,20
AHRM,PALM,54,54,0:59:26,16
AHRM,PBGA,54,54,0:46:21,16
AHRM,PBGH,43,43,0:53:22,15
AHRM,PBGW,54,54,0:39:01,15
AHRM,PH1,74,74,1:03:31,18
AHRM,PN,43,43,0:46:34,14
AHRM,PRA,43,43,0:55:08,16
AHRM,PSPK,32,32,0:40:20,9
AHRM,PTCK,32,32,0:28:30,8
AHRM,PTMD,43,43,0:23:14,7
AHRM,PTP,54,54,0:58:50,19
AHRM,PTVR,43,43,0:31:25,8
AHRM,PVE,54,54,0:50:01,18
AHRM,PVW,54,54,0:51:40,19
AHRM,QM,43,43,0:35:23,11
AHRM,RCK,32,32,0:30:46,9
AHRM,RDPK,64,64,1:02:22,25
AHRM,RG,43,43,0:34:10,13
AHRM,RHE,54,54,1:00:29,20
AHRM,RHW,54,54,1:02:34,21
AHRM,RI,54,54,1:04:33,22
AHRM,RISE,54,54,1:02:00,23
AHRM,RJBH,54,54,1:09:13,19
AHRM,RJNM,54,54,1:11:13,20
AHRM,RKAM,43,43,0:38:13,10
AHRM,RKPM,32,32,0:41:32,10
AHRM,RN,43,43,0:46:09,14
AHRM,RP,43,43,0:44:36,13
AHRM,S53,74,74,1:07:53,20
AHRM,S55,74,74,1:12:00,22
AHRM,SABR,43,43,0:55:28,15
AHRM,SAKP,54,54,0:42:17,16
AHRM,SAKT,32,32,0:32:38,10
AHRM,SFNN,43,43,0:39:05,15
AHRM,SFTN,43,43,0:34:40,13
AHRM,SHD,43,43,0:58:48,14
AHRM,SHDN,54,54,1:07:03,18
AHRM,SHPK,43,43,0:52:39,14
AHRM,SHT,43,43,0:57:35,17
AHRM,SHVP,54,54,0:46:27,16
AHRM,SJSU,64,64,0:45:58,11
AHRM,SKRP,74,74,0:51:19,17
AHRM,SKVR,43,43,0:49:13,13
AHRM,SLAP,43,43,0:58:35,14
AHRM,SLTP,43,43,0:40:48,13
AHRM,SMBG,54,54,1:05:21,20
AHRM,SMPK,54,54,1:13:10,21
AHRM,SMSM,54,54,0:56:52,22
AHRM,SN,54,54,0:48:11,15
AHRM,SNVH,,,,
AHRM,SOEN,21,21,0:08:40,4
AHRM,SOJI,32,32,0:12:58,6
AHRM,SP,43,43,0:48:50,15
AHRM,SPBI,54,54,1:04:04,24
AHRM,SRAI,43,43,0:38:28,15
AHRM,SRSM,43,43,0:57:50,17
AHRM,SSON,43,43,0:37:09,14
AHRM,SSTN,54,54,0:41:15,16
AHRM,STFN,43,43,0:32:31,12
AHRM,STTA,43,43,0:45:26,18
AHRM,STVR,32,32,0:28:13,11
AHRM,SUL,74,74,1:05:51,19
AHRM,SVMB,32,32,0:17:47,8
AHRM,SVVR,54,54,1:03:10,18
AHRM,TG,54,54,0:46:21,14
AHRM,TKBR,64,64,1:14:14,30
AHRM,TKDS,43,43,0:33:30,13
AHRM,TKLM,64,64,1:12:04,29
AHRM,TKPR,32,32,0:52:04,14
AHRM,TN,54,54,0:50:06,16
AHRM,TZI,43,43,0:51:33,14
AHRM,UDB,32,32,0:27:48,8
AHRM,UNE,54,54,0:56:29,19
AHRM,UNRG,54,54,0:55:21,21
AHRM,UNW,54,54,0:58:27,20
AHRM,VASI,43,43,0:39:57,12
AHRM,VENT,32,32,0:49:52,13
AHRM,VNNR,32,32,0:47:32,12
AHRM,VNPR,11,11,0:02:59,2
AHRM,VS,43,43,0:43:58,15
AHRM,VTVR,43,43,0:46:26,12
AHRM,VW,43,43,0:46:10,16
AHRM,WC,43,43,0:51:36,13
AHRM,YB,32,32,0:18:26,5
AHRM,YMVR,,,,
AIIMS,AIT,63,63,0:47:24,16
AIIMS,AJG,43,43,0:23:22,10
AIIMS,APMN,43,43,0:44:43,17
AIIMS,APOT,96,96,0:43:18,13
AIIMS,ASDM,43,43,0:38:26,9
AIIMS,ATHA,54,54,1:01:12,25
AIIMS,AVIT,43,43,0:44:05,16
AIIMS,AZU,43,43,0:36:28,18
AIIMS,BACH,54,54,1:10:38,23
AIIMS,BAPB,43,43,0:51:57,15
AIIMS,BCGN,43,43,0:48:33,14
AIIMS,BEL,63,63,0:41:50,14
AIIMS,BIMR,54,54,0:42:53,21
AIIMS,BJPU,,,,
AIIMS,BKCP,21,21,0:16:02,4
AIIMS,BKMR,54,54,1:04:00,20
AIIMS,BRKR,32,32,0:21:22,9
AIIMS,BURI,,,,
AIIMS,BUSS,64,64,1:19:37,29
AIIMS,BVHM,64,64,1:19:38,26
AIIMS,CDLI,32,32,0:19:40,5
AIIMS,CHK,32,32,0:20:55,11
AIIMS,CHTP,32,32,0:15:25,7
AIIMS,CIPK,64,64,1:22:25,30
AIIMS,CL,43,43,0:25:32,13
AIIMS,CTST,32,32,0:10:23,6
AIIMS,CWBR,32,32,0:18:42,10
AIIMS,DACY,86,86,0:39:46,12
AIIMS,DBMR,43,43,0:44:02,13
AIIMS,DDSC,32,32,0:21:11,6
AIIMS,DKV,75,75,0:34:45,11
AIIMS,DL2,63,63,0:40:19,13
AIIMS,DL3,63,63,0:47:22,17
AIIMS,DLIC,32,32,0:26:06,7
AIIMS,DLIG,32,32,0:23:46,10
AIIMS,DM,54,54,1:07:37,18
AIIMS,DNBT,54,54,1:26:01,22
AIIMS,DSE,117,117,1:00:26,18
AIIMS,DSET,107,107,0:54:23,15
AIIMS,DSFN,54,54,1:12:30,20
AIIMS,DSG,54,54,0:49:04,19
AIIMS,DSHP,43,43,0:39:02,12
AIIMS,DSN,117,117,0:56:21,16
AIIMS,DST,117,117,0:58:26,17
AIIMS,DSTN,128,128,1:04:31,20
AIIMS,DSTO,96,96,0:46:22,14
AIIMS,DSW,128,128,1:02:29,19
AIIMS,DW,54,54,1:10:05,19
AIIMS,EANR,43,43,0:48:18,16
AIIMS,ECMJ,54,54,1:12:58,24
AIIMS,ESIH,43,43,0:36:57,11
AIIMS,GAT,63,63,0:43:42,15
AIIMS,GDPI,32,32,0:37:21,9
AIIMS,GE,43,43,0:26:40,11
AIIMS,GEC,43,43,0:51:09,15
AIIMS,GHEM,64,64,1:10:20,25
AIIMS,GKEI,32,32,0:21:28,6
AIIMS,GKPR,54,54,0:53:22,18
AIIMS,GNPK,11,11,0:02:15,2
AIIMS,GTBR,43,43,0:31:59,16
AIIMS,GTNI,32,32,0:20:08,9
AIIMS,HCC,54,54,0:35:30,15
AIIMS,HDNR,54,54,1:03:31,26
AIIMS,HKS,21,21,0:04:50,3
AIIMS,HNOK,32,32,0:39:58,10
AIIMS,IDPT,32,32,0:28:53,10
AIIMS,IFOC,43,43,0:33:12,14
AIIMS,IGDA,32,32,0:29:40,9
AIIMS,IICC,107,107,0:48:26,15
AIIMS,IIT,21,21,0:16:53,4
AIIMS,ILOK,43,43,0:43:30,17
AIIMS,INA,11,11,0:01:49,2
AIIMS,IPE,43,43,0:53:02,17
AIIMS,ITO,32,32,0:21:48,9
AIIMS,IWNR,32,32,0:29:33,10
AIIMS,JAMD,43,43,0:26:05,11
AIIMS,JANR,32,32,0:31:59,11
AIIMS,JB,21,21,0:04:02,3
AIIMS,JFRB,43,43,0:48:59,16
AIIMS,JGPA,32,32,0:24:29,5
AIIMS,JGPI,54,54,0:40:43,20
AIIMS,JIEE,54,54,0:55:38,19
AIIMS,JLA,32,32,0:42:11,11
AIIMS,JLA8,43,43,0:39:20,13
AIIMS,JLML,43,43,0:47:11,18
AIIMS,JLNS,32,32,0:26:29,6
AIIMS,JNPH,32,32,0:16:45,7
AIIMS,JPE,43,43,0:52:58,14
AIIMS,JPVE,,,,
AIIMS,JPW,43,43,0:49:02,14
AIIMS,JRMJ,,,,
AIIMS,JW,32,32,0:24:09,10
AIIMS,KB,32,32,0:26:21,11
AIIMS,KE,54,54,0:57:50,15
AIIMS,KG,32,32,0:23:11,12
AIIMS,KHCY,32,32,0:26:13,6
AIIMS,KHNA,43,43,0:55:55,17
AIIMS,KIKJ,43,43,0:44:20,14
AIIMS,KJKS,,,,
AIIMS,KJMD,32,32,0:25:27,8
AIIMS,KKDA,43,43,0:41:50,15
AIIMS,KKDC,43,43,0:54:08,16
AIIMS,KM,32,32,0:18:57,7
AIIMS,KN,43,43,0:45:33,18
AIIMS,KNR,43,43,0:34:34,15
AIIMS,KP,43,43,0:47:12,19
AIIMS,KPEN,54,54,1:01:02,15
AIIMS,KSHI,43,43,0:46:04,17
AIIMS,LJPN,21,21,0:16:54,4
AIIMS,LKM,21,21,0:06:19,4
AIIMS,LLQA,43,43,0:27:39,12
AIIMS,LN,43,43,0:34:38,12
AIIMS,MAL,63,63,0:45:23,16
AIIMS,MAPR,43,43,0:49:10,14
AIIMS,MDHS,32,32,0:20:05,8
AIIMS,MDTW,43,43,0:34:15,17
AIIMS,METE,43,43,0:46:34,13
AIIMS,MGRO,43,43,0:30:45,13
AIIMS,MIAA,54,54,1:07:42,24
AIIMS,MIEE,64,64,1:17:11,28
AIIMS,MIRK,32,32,0:20:56,6
AIIMS,MKPR,43,43,0:50:18,19
AIIMS,MLCD,21,21,0:23:53,5
AIIMS,MMJR,54,54,0:59:34,18
AIIMS,MN,43,43,0:49:11,12
AIIMS,MNGM,54,54,0:59:41,24
AIIMS,MPK,43,43,0:45:10,17
AIIMS,MUDK,54,54,1:05:20,23
AIIMS,MUPR,43,43,0:51:16,17
AIIMS,MVE,43,43,0:37:46,9
AIIMS,MVNR,21,21,0:07:30,4
AIIMS,MVP1,43,43,0:30:31,8
AIIMS,MVPO,43,43,0:32:09,9
AIIMS,MYPI,43,43,0:32:08,9
AIIMS,NAGR,43,43,0:39:48,10
AIIMS,NAVR,32,32,0:29:08,8
AIIMS,NBAA,54,54,1:05:15,27
AIIMS,NCAJ,54,54,1:08:28,22
AIIMS,NCBC,54,54,1:16:08,25
AIIMS,NCC,54,54,0:53:17,16
AIIMS,NDI,32,32,0:17:00,9
AIIMS,NECC,54,54,1:06:21,22
AIIMS,NFGH,54,54,1:21:25,21
AIIMS,NHPC,43,43,0:57:39,17
AIIMS,NIZM,32,32,0:25:38,7
AIIMS,NNGI,54,54,1:17:21,20
AIIMS,NNOI,54,54,0:59:30,20
AIIMS,NP,32,32,0:28:23,7
AIIMS,NRSN,54,54,1:01:12,21
AIIMS,NSET,43,43,0:46:19,13
AIIMS,NSFT,43,43,0:42:03,11
AIIMS,NSHP,43,43,0:45:46,14
AIIMS,NSST,43,43,0:44:02,12
AIIMS,NUEE,32,32,0:23:48,7
AIIMS,NV,43,43,0:37:34,13
AIIMS,NWD,54,54,1:05:27,17
AIIMS,OFDB,54,54,1:06:14,21
AIIMS,OKBS,43,43,0:46:44,15
AIIMS,OKNS,32,32,0:27:25,9
AIIMS,OVA,43,43,0:34:20,12
AIIMS,PAGI,54,54,0:54:18,17
AIIMS,PALM,43,43,0:36:39,11
AIIMS,PBGA,43,43,0:47:12,13
AIIMS,PBGH,43,43,0:37:10,14
AIIMS,PBGW,43,43,0:39:52,12
AIIMS,PH1,63,63,0:40:44,13
AIIMS,PN,43,43,0:30:22,13
AIIMS,PRA,43,43,0:38:56,15
AIIMS,PSPK,21,21,0:17:33,4
AIIMS,PTCK,32,32,0:12:18,7
AIIMS,PTMD,32,32,0:27:02,9
AIIMS,PTP,54,54,0:59:41,16
AIIMS,PTVR,43,43,0:39:49,14
AIIMS,PVE,43,43,0:50:52,15
AIIMS,PVW,54,54,0:52:31,16
AIIMS,QM,32,32,0:12:36,6
AIIMS,RCK,32,32,0:14:34,8
AIIMS,RDPK,54,54,1:03:13,22
AIIMS,RG,43,43,0:35:01,10
AIIMS,RHE,54,54,1:01:20,17
AIIMS,RHW,54,54,1:03:25,18
AIIMS,RI,54,54,1:05:24,19
AIIMS,RISE,54,54,0:45:48,22
AIIMS,RJBH,54,54,0:53:30,21
AIIMS,RJNM,54,54,0:55:30,22
AIIMS,RKAM,32,32,0:22:01,9
AIIMS,RKPM,21,21,0:18:45,5
AIIMS,RN,43,43,0:47:00,11
AIIMS,RP,32,32,0:28:24,12
AIIMS,S53,63,63,0:45:06,15
AIIMS,S55,63,63,0:49:13,17
AIIMS,SABR,43,43,0:32:41,10
AIIMS,SAKP,43,43,0:43:08,13
AIIMS,SAKT,32,32,0:09:51,5
AIIMS,SFNN,54,54,1:01:52,20
AIIMS,SFTN,54,54,0:57:27,18
AIIMS,SHD,43,43,0:43:05,16
AIIMS,SHDN,54,54,0:51:20,20
AIIMS,SHPK,43,43,0:36:27,13
AIIMS,SHT,43,43,0:41:23,16
AIIMS,SHVP,43,43,0:47:18,13
AIIMS,SJSU,53,53,0:29:46,10
AIIMS,SKRP,63,63,0:28:32,12
AIIMS,SKVR,32,32,0:26:26,8
AIIMS,SLAP,43,43,0:38:54,14
AIIMS,SLTP,32,32,0:18:01,8
AIIMS,SMBG,43,43,0:49:09,19
AIIMS,SMPK,54,54,0:57:27,23
AIIMS,SMSM,54,54,0:57:43,19
AIIMS,SN,43,43,0:49:02,12
AIIMS,SNVH,,,,
AIIMS,SOEN,21,21,0:14:07,3
AIIMS,SOJI,11,11,0:13:49,3
AIIMS,SP,43,43,0:32:38,14
AIIMS,SPBI,54,54,0:47:52,23
AIIMS,SRAI,43,43,0:54:38,16
AIIMS,SRSM,43,43,0:41:38,16
AIIMS,SSON,54,54,0:59:56,19
AIIMS,SSTN,54,54,1:04:02,21
AIIMS,STFN,54,54,0:55:18,17
AIIMS,STTA,54,54,1:01:36,19
AIIMS,STVR,43,43,0:44:23,12
AIIMS,SUL,63,63,0:43:04,14
AIIMS,SVMB,21,21,0:18:38,5
AIIMS,SVVR,54,54,0:57:27,20
AIIMS,TG,43,43,0:47:12,11
AIIMS,TKBR,64,64,1:15:05,27
AIIMS,TKDS,43,43,0:49:40,14
AIIMS,TKLM,64,64,1:12:55,26
AIIMS,TKPR,43,43,1:00:28,20
AIIMS,TN,43,43,0:50:57,13
AIIMS,TZI,43,43,0:35:21,13
AIIMS,UDB,21,21,0:08:39,5
AIIMS,UNE,54,54,1:01:27,15
AIIMS,UNRG,54,54,0:56:12,18
AIIMS,UNW,54,54,1:03:25,16
AIIMS,VASI,43,43,0:48:21,18
AIIMS,VENT,43,43,0:58:16,19
AIIMS,VNNR,43,43,0:55:56,18
AIIMS,VNPR,32,32,0:19:48,5
AIIMS,VS,43,43,0:27:46,14
AIIMS,VTVR,32,32,0:23:39,7
AIIMS,VW,43,43,0:29:58,15
AIIMS,WC,43,43,0:40:53,15
AIIMS,YB,43,43,0:31:50,11
AIIMS,YMVR,,,,
AIT,AJG,41,41,0:24:02,7
AIT,APMN,84,84,1:32:07,32
AIT,APOT,138,138,1:30:42,28
AIT,ASDM,74,74,1:25:50,24
AIT,ATHA,84,84,1:48:36,40
AIT,AVIT,84,84,1:31:29,31
AIT,AZU,84,84,1:23:52,33
AIT,BACH,84,84,1:48:22,34
AIT,BAPB,74,74,1:29:41,26
AIT,BCGN,84,84,1:27:54,27
AIT,BEL,35,35,0:12:10,7
AIT,BIMR,84,84,1:30:17,36
AIT,BJPU,,,,
AIT,BKCP,63,63,1:03:26,19
AIT,BKMR,84,84,1:41:44,31
AIT,BRKR,74,74,1:08:46,24
AIT,BURI,,,,
AIT,BUSS,84,84,2:07:01,44
AIT,BVHM,84,84,1:57:22,37
AIT,CDLI,63,63,0:57:24,16
AIT,CHK,74,74,1:08:19,26
AIT,CHTP,52,52,0:31:59,10
AIT,CIPK,84,84,2:09:49,45
AIT,CL,74,74,1:12:56,28
AIT,CTST,74,74,0:57:47,21
AIT,CWBR,74,74,1:06:06,25
AIT,DACY,128,128,1:27:10,27
AIT,DBMR,84,84,1:21:46,24
AIT,DDSC,74,74,1:08:35,21
AIT,DKV,117,117,1:22:09,26
AIT,DL2,20,20,0:10:39,6
AIT,DL3,35,35,0:17:42,10
AIT,DLIC,74,74,1:13:30,22
AIT,DLIG,74,74,1:11:10,25
AIT,DM,84,84,1:45:21,29
AIT,DNBT,84,84,2:03:45,33
AIT,DSE,84,84,1:56:15,34
AIT,DSET,149,149,1:41:47,30
AIT,DSFN,84,84,1:50:14,31
AIT,DSG,84,84,1:36:28,34
AIT,DSHP,74,74,1:16:46,23
AIT,DSN,159,159,1:43:45,31
AIT,DST,159,159,1:45:50,32
AIT,DSTN,84,84,1:52:10,32
AIT,DSTO,138,138,1:33:46,29
AIT,DSW,84,84,1:54:12,33
AIT,DW,84,84,1:47:49,30
AIT,EANR,84,84,1:35:42,31
AIT,ECMJ,84,84,1:50:42,35
AIT,ESIH,84,84,1:24:21,26
AIT,GAT,35,35,0:14:02,8
AIT,GDPI,74,74,1:15:05,20
AIT,GE,31,31,0:20:44,6
AIT,GEC,84,84,1:35:30,28
AIT,GHEM,84,84,1:57:44,40
AIT,GKEI,63,63,0:59:12,17
AIT,GKPR,84,84,1:40:46,33
AIT,GNPK,63,63,0:45:09,15
AIT,GTBR,84,84,1:19:23,31
AIT,GTNI,52,52,0:27:16,8
AIT,HCC,41,41,0:25:50,8
AIT,HDNR,84,84,1:50:55,41
AIT,HKS,63,63,0:42:34,14
AIT,HNOK,74,74,1:17:42,21
AIT,IDPT,74,74,1:16:17,25
AIT,IFOC,41,41,0:23:32,7
AIT,IGDA,74,74,1:07:24,20
AIT,IICC,149,149,1:35:50,30
AIT,IIT,63,63,0:54:37,15
AIT,ILOK,84,84,1:30:54,32
AIT,INA,63,63,0:49:13,17
AIT,IPE,84,84,1:40:26,32
AIT,ITO,74,74,1:09:12,24
AIT,IWNR,74,74,1:07:17,21
AIT,JAMD,74,74,1:13:29,26
AIT,JANR,74,74,1:09:43,22
AIT,JB,63,63,0:51:26,18
AIT,JFRB,84,84,1:36:23,31
AIT,JGPA,74,74,1:11:53,20
AIT,JGPI,84,84,1:28:07,35
AIT,JIEE,84,84,1:43:02,34
AIT,JLA,74,74,1:19:55,22
AIT,JLA8,74,74,1:17:04,24
AIT,JLML,84,84,1:34:35,33
AIT,JLNS,74,74,1:13:53,21
AIT,JNPH,74,74,1:04:09,22
AIT,JPE,84,84,1:38:43,26
AIT,JPVE,,,,
AIT,JPW,84,84,1:26:46,25
AIT,JRMJ,,,,
AIT,JW,74,74,1:11:33,25
AIT,KB,74,74,1:13:45,26
AIT,KE,84,84,1:45:14,30
AIT,KG,74,74,1:10:35,27
AIT,KHCY,74,74,1:17:16,21
AIT,KHNA,84,84,1:43:19,32
AIT,KIKJ,74,74,1:22:04,25
AIT,KJKS,,,,
AIT,KJMD,63,63,1:03:11,19
AIT,KKDA,84,84,1:29:14,30
AIT,KKDC,84,84,1:41:32,31
AIT,KM,74,74,1:06:21,22
AIT,KN,84,84,1:32:57,33
AIT,KNR,84,84,1:21:58,30
AIT,KP,84,84,1:34:36,34
AIT,KPEN,84,84,1:38:46,26
AIT,KSHI,84,84,1:33:28,32
AIT,LJPN,74,74,1:04:18,19
AIT,LKM,74,74,0:53:43,19
AIT,LLQA,74,74,1:15:03,27
AIT,LN,74,74,1:22:02,27
AIT,MAL,35,35,0:15:43,9
AIT,MAPR,84,84,1:36:34,29
AIT,MDHS,74,74,1:07:29,23
AIT,MDTW,84,84,1:21:39,32
AIT,METE,74,74,1:24:18,24
AIT,MGRO,31,31,0:21:05,6
AIT,MIAA,84,84,1:55:06,39
AIT,MIEE,84,84,2:04:35,43
AIT,MIRK,63,63,0:58:40,17
AIT,MKPR,84,84,1:37:42,34
AIT,MLCD,74,74,1:11:17,20
AIT,MMJR,84,84,1:37:18,29
AIT,MN,84,84,1:36:35,27
AIT,MNGM,84,84,1:47:05,39
AIT,MPK,84,84,1:32:34,32
AIT,MUDK,84,84,1:52:44,38
AIT,MUPR,84,84,1:38:40,32
AIT,MVE,74,74,1:25:10,24
AIT,MVNR,63,63,0:39:54,13
AIT,MVP1,74,74,1:17:55,23
AIT,MVPO,74,74,1:19:33,24
AIT,MYPI,74,74,1:19:32,24
AIT,NAGR,84,84,1:27:12,25
AIT,NAVR,74,74,1:16:32,23
AIT,NBAA,84,84,1:52:39,42
AIT,NCAJ,84,84,1:46:12,33
AIT,NCBC,84,84,1:53:52,36
AIT,NCC,84,84,1:37:38,29
AIT,NDI,74,74,1:04:24,24
AIT,NECC,84,84,1:50:42,35
AIT,NFGH,84,84,1:59:09,32
AIT,NHPC,84,84,1:35:23,28
AIT,NIZM,74,74,1:13:02,22
AIT,NNGI,84,84,1:55:05,31
AIT,NNOI,84,84,1:46:54,35
AIT,NP,74,74,1:15:06,20
AIT,NRSN,84,84,1:48:36,36
AIT,NSET,84,84,1:35:08,28
AIT,NSFT,84,84,1:29:27,26
AIT,NSHP,84,84,1:33:10,29
AIT,NSST,84,84,1:31:26,27
AIT,NUEE,63,63,1:01:32,18
AIT,NV,84,84,1:24:58,28
AIT,NWD,84,84,1:43:11,28
AIT,OFDB,84,84,1:43:58,32
AIT,OKBS,74,74,1:24:28,26
AIT,OKNS,74,74,1:05:09,20
AIT,OVA,74,74,1:12:04,23
AIT,PAGI,84,84,1:41:42,32
AIT,PALM,74,74,1:14:23,22
AIT,PBGA,84,84,1:34:36,28
AIT,PBGH,74,74,1:24:34,29
AIT,PBGW,84,84,1:27:16,27
AIT,PH1,20,20,0:06:40,4
AIT,PN,74,74,1:17:46,28
AIT,PRA,84,84,1:26:20,30
AIT,PSPK,63,63,0:55:17,15
AIT,PTCK,74,74,0:59:42,22
AIT,PTMD,74,74,1:14:26,24
AIT,PTP,84,84,1:47:05,31
AIT,PTVR,84,84,1:27:13,29
AIT,PVE,84,84,1:38:16,30
AIT,PVW,84,84,1:39:55,31
AIT,QM,52,52,0:34:48,11
AIT,RCK,74,74,1:01:58,23
AIT,RDPK,84,84,1:50:37,37
AIT,RG,84,84,1:22:25,25
AIT,RHE,84,84,1:48:44,32
AIT,RHW,84,84,1:50:49,33
AIT,RI,84,84,1:52:48,34
AIT,RISE,84,84,1:33:12,37
AIT,RJBH,84,84,1:40:54,36
AIT,RJNM,84,84,1:42:54,37
AIT,RKAM,74,74,1:09:25,24
AIT,RKPM,63,63,0:56:29,16
AIT,RN,84,84,1:34:24,26
AIT,RP,74,74,1:15:48,27
AIT,S53,20,20,0:02:18,2
AIT,S55,20,20,0:01:49,2
AIT,SABR,74,74,1:10:25,21
AIT,SAKP,84,84,1:30:32,28
AIT,SAKT,63,63,0:37:33,12
AIT,SFNN,84,84,1:46:13,33
AIT,SFTN,84,84,1:41:48,31
AIT,SHD,84,84,1:30:29,31
AIT,SHDN,84,84,1:38:44,35
AIT,SHPK,74,74,1:23:51,28
AIT,SHT,84,84,1:28:47,31
AIT,SHVP,84,84,1:34:42,28
AIT,SJSU,95,95,1:17:10,25
AIT,SKRP,31,31,0:08:52,5
AIT,SKVR,74,74,1:04:10,19
AIT,SLAP,84,84,1:26:18,29
AIT,SLTP,52,52,0:29:23,9
AIT,SMBG,84,84,1:36:33,34
AIT,SMPK,84,84,1:44:51,38
AIT,SMSM,84,84,1:45:07,34
AIT,SN,84,84,1:36:26,27
AIT,SNVH,,,,
AIT,SOEN,63,63,1:01:31,18
AIT,SOJI,63,63,1:01:13,18
AIT,SP,74,74,1:20:02,29
AIT,SPBI,84,84,1:35:16,38
AIT,SRAI,74,74,1:32:22,27
AIT,SRSM,84,84,1:29:02,31
AIT,SSON,84,84,1:44:17,32
AIT,SSTN,84,84,1:48:23,34
AIT,STFN,84,84,1:39:39,30
AIT,STTA,84,84,1:39:20,30
AIT,STVR,74,74,1:22:07,23
AIT,SUL,20,20,0:04:20,3
AIT,SVMB,74,74,1:06:02,20
AIT,SVVR,84,84,1:44:51,35
AIT,TG,84,84,1:34:36,26
AIT,TKBR,84,84,2:02:29,42
AIT,TKDS,74,74,1:27:24,25
AIT,TKLM,84,84,2:00:19,41
AIT,TKPR,84,84,1:47:52,35
AIT,TN,84,84,1:40:44,27
AIT,TZI,74,74,1:22:45,28
AIT,UDB,74,74,0:56:03,20
AIT,UNE,84,84,1:39:11,26
AIT,UNRG,84,84,1:43:36,33
AIT,UNW,84,84,1:41:09,27
AIT,VASI,84,84,1:35:45,33
AIT,VENT,84,84,1:45:40,34
AIT,VNNR,84,84,1:43:20,33
AIT,VNPR,74,74,1:07:12,20
AIT,VS,74,74,1:15:10,29
AIT,VTVR,63,63,1:01:23,18
AIT,VW,84,84,1:17:22,30
AIT,WC,84,84,1:28:17,30
AIT,YB,74,74,1:19:14,26
AIT,YMVR,,,,
AJG,APMN,64,64,1:08:05,26
AJG,APOT,118,118,1:06:40,22
AJG,ASDM,54,54,1:01:48,18
AJG,ATHA,64,64,1:24:34,34
AJG,AVIT,64,64,1:07:27,25
AJG,AZU,64,64,0:59:50,27
AJG,BACH,64,64,1:24:20,28
AJG,BAPB,54,54,1:05:39,20
AJG,BCGN,54,54,1:03:52,21
AJG,BEL,41,41,0:18:28,5
AJG,BIMR,64,64,1:06:15,30
AJG,BJPU,,,,
AJG,BKCP,43,43,0:39:24,13
AJG,BKMR,64,64,1:17:42,25
